{"stats":{"minecraft:killed_by":{"minecraft:player":1,"bosses_of_mass_destruction:void_blossom":1,"minecraft:vindicator":2,"minecraft:skeleton":1},"minecraft:dropped":{"minecraft:water_bucket":1,"minecraft:bread":51,"minecraft:iron_sword":3,"minecraft:wheat_seeds":4,"minecraft:purple_glazed_terracotta":1,"minecraft:oak_fence":2,"minecraft:book":2,"minecraft:crossbow":1,"minecraft:cobblestone":2,"minecraft:iron_helmet":2,"minecraft:saddle":3,"minecraft:spruce_stairs":6,"minecraft:rail":1,"minecraft:item_frame":5,"minecraft:stick":4,"minecraft:dirt":1,"minecraft:diorite":1,"minecraft:ink_sac":2,"minecraft:wooden_axe":1,"minecraft:fire_charge":2,"minecraft:iron_leggings":3,"minecraft:writable_book":1,"minecraft:iron_axe":1,"minecraft:paper":3,"minecraft:dark_oak_planks":1,"minecraft:furnace":1,"minecraft:kelp":10,"minecraft:smooth_stone_slab":1,"minecraft:rotten_flesh":7,"minecraft:oak_planks":7,"minecraft:diamond_shovel":2,"minecraft:iron_boots":1,"minecraft:carrot":3,"minecraft:flint_and_steel":1,"minecraft:filled_map":4,"minecraft:iron_chestplate":2,"minecraft:stone_brick_wall":2,"minecraft:chest":1,"comforts:sleeping_bag_white":1,"mcdw:axe_anchor":2,"minecraft:wooden_pickaxe":1,"minecraft:iron_bars":1,"minecraft:glass":5,"minecraft:magma_block":1,"farmersdelight:tomato_seeds":28},"minecraft:broken":{"minecraft:golden_leggings":1,"minecraft:wooden_axe":1},"minecraft:used":{"minecraft:chest":10,"minecraft:shield":11,"minecraft:iron_sword":174,"minecraft:iron_chestplate":1,"minecraft:torch":3,"minecraft:dirt":4,"minecraft:mutton":6,"minecraft:granite":1,"minecraft:wooden_axe":79,"minecraft:dark_oak_planks":56,"beautify:birch_trellis":1,"minecraft:iron_axe":133,"minecraft:oak_stairs":1,"minecraft:iron_helmet":1,"minecraft:iron_boots":1,"minecraft:stone_bricks":1,"minecraft:red_carpet":2,"minecraft:beef":3,"minecraft:furnace":3,"minecraft:egg":1,"comforts:sleeping_bag_white":2,"minecraft:cooked_beef":7,"minecraft:cobbled_deepslate":66,"minecraft:iron_leggings":1,"minecraft:cooked_mutton":3,"minecraft:mossy_stone_bricks":2,"minecraft:water_bucket":13,"minecraft:stone_pickaxe":81,"farmersdelight:golden_knife":1,"minecraft:oak_planks":38,"minecraft:wooden_pickaxe":6,"beautify:botanist_workbench":1,"minecraft:cracked_stone_bricks":1,"minecraft:white_wool":1,"minecraft:mossy_cobblestone":4,"mcdw:bow_phantom_bow":8,"minecraft:crafting_table":7,"minecraft:crossbow":4,"minecraft:apple":13,"minecraft:diamond_shovel":16,"minecraft:bread":74,"minecraft:cyan_bed":1,"minecraft:iron_pickaxe":271,"mcdw:sword_iron_sword_var":13,"mcda:red_mystery_armor_leggings":1,"minecraft:stone_axe":43,"minecraft:cobblestone":60,"travelersbackpack:standard":2,"minecraft:bucket":14,"minecraft:oak_boat":5,"minecraft:experience_bottle":6},"minecraft:picked_up":{"minecraft:iron_chestplate":1,"minecraft:crafting_table":2,"beautify:lamp_candleabra":1,"minecraft:smithing_table":1,"minecraft:oak_stairs":1,"minecraft:stone_brick_wall":2,"minecraft:enchanted_book":2,"minecraft:chain":1,"mcda:goat_pelt":2,"minecraft:string":26,"minecraft:iron_axe":3,"minecraft:iron_leggings":1,"minecraft:smooth_stone_slab":1,"minecraft:flint_and_steel":1,"minecraft:item_frame":6,"minecraft:experience_bottle":13,"minecraft:cracked_stone_bricks":3,"minecraft:candle":2,"minecraft:cobbled_deepslate":116,"comforts:sleeping_bag_white":3,"minecraft:beef":7,"minecraft:oak_boat":5,"minecraft:player_head":1,"minecraft:iron_pickaxe":2,"minecraft:chest":6,"minecraft:egg":1,"minecraft:furnace":3,"minecraft:dark_oak_sapling":5,"minecraft:stick":8,"minecraft:raw_iron":11,"beautify:birch_trellis":1,"minecraft:oak_fence":2,"minecraft:spruce_stairs":6,"minecraft:polished_blackstone_bricks":1,"minecraft:diorite":1,"minecraft:dark_oak_planks":19,"minecraft:tnt":6,"minecraft:arrow":10,"minecraft:rotten_flesh":10,"minecraft:peony":2,"beautify:botanist_workbench":1,"minecraft:saddle":3,"minecraft:mutton":6,"minecraft:iron_bars":3,"minecraft:white_wool":8,"minecraft:rail":6,"minecraft:cobblestone":86,"minecraft:magma_block":1,"minecraft:cooked_beef":3,"minecraft:glow_ink_sac":3,"minecraft:water_bucket":1,"minecraft:leather":4,"minecraft:golden_leggings":1,"minecraft:filled_map":3,"minecraft:flint":1,"minecraft:oak_log":36,"minecraft:tuff":3,"create:raw_zinc":6,"mcdw:axe_anchor":1,"minecraft:dirt":12,"minecraft:paper":3,"minecraft:cooked_mutton":4,"minecraft:red_carpet":3,"minecraft:bone":4,"minecraft:stone_bricks":6,"minecraft:kelp":23,"minecraft:bow":1,"minecraft:wheat_seeds":4,"minecraft:iron_ingot":3,"minecraft:mossy_stone_bricks":2,"minecraft:moss_block":4,"minecraft:iron_sword":4,"minecraft:oak_planks":10,"minecraft:book":2,"minecraft:scaffolding":8,"minecraft:cooked_porkchop":3,"minecraft:pumpkin":1,"minecraft:gravel":5,"minecraft:sand":17,"minecraft:ink_sac":4,"minecraft:dark_oak_log":35,"minecraft:spruce_log":2,"minecraft:cyan_bed":2,"minecraft:orange_wool":1,"minecraft:mossy_cobblestone":4,"minecraft:spider_eye":1,"travelersbackpack:standard":1,"minecraft:firework_rocket":2,"minecraft:diamond_shovel":2,"minecraft:diamond":5,"minecraft:purple_glazed_terracotta":1,"minecraft:writable_book":2,"minecraft:iron_helmet":1,"minecraft:granite":1,"minecraft:gray_wool":1,"minecraft:emerald":7,"minecraft:bread":52,"minecraft:oak_sapling":4,"minecraft:damaged_anvil":1,"minecraft:coal":14,"minecraft:ender_pearl":2},"minecraft:crafted":{"minecraft:oak_planks":88,"comforts:sleeping_bag_white":1,"minecraft:furnace":2,"travelersbackpack:pink_sleeping_bag":1,"minecraft:pink_dye":4,"minecraft:glass":17,"minecraft:iron_axe":1,"minecraft:stone_pickaxe":1,"minecraft:chest":6,"minecraft:dark_oak_planks":140,"minecraft:cooked_beef":4,"minecraft:crafting_table":5,"minecraft:spruce_planks":8,"travelersbackpack:backpack_tank":2,"minecraft:wooden_pickaxe":1,"travelersbackpack:standard":1,"minecraft:bucket":1,"minecraft:stone_axe":1,"minecraft:air":0,"minecraft:oak_boat":1,"minecraft:pink_wool":2,"minecraft:shield":1,"minecraft:stick":12,"minecraft:iron_ingot":11,"minecraft:iron_pickaxe":1,"minecraft:wooden_axe":3},"minecraft:custom":{"minecraft:interact_with_smithing_table":1,"minecraft:mob_kills":63,"minecraft:interact_with_anvil":1,"minecraft:interact_with_crafting_table":38,"minecraft:open_barrel":36,"minecraft:bell_ring":2,"minecraft:eat_cake_slice":15,"minecraft:leave_game":8,"minecraft:time_since_death":149,"minecraft:climb_one_cm":41471,"minecraft:sprint_one_cm":936506,"minecraft:walk_one_cm":507543,"minecraft:damage_blocked_by_shield":295,"minecraft:drop":88,"minecraft:talked_to_villager":6,"minecraft:play_time":285530,"minecraft:deaths":6,"minecraft:sneak_time":13586,"minecraft:walk_under_water_one_cm":96145,"minecraft:boat_one_cm":633361,"minecraft:jump":5736,"minecraft:walk_on_water_one_cm":84175,"minecraft:total_world_time":285530,"minecraft:interact_with_furnace":17,"minecraft:interact_with_stonecutter":2,"minecraft:sleep_in_bed":3,"minecraft:time_since_rest":198,"minecraft:damage_taken":5359,"minecraft:damage_dealt":10097,"minecraft:player_kills":1,"minecraft:swim_one_cm":115247,"minecraft:fly_one_cm":1294136,"minecraft:open_chest":258,"minecraft:crouch_one_cm":33876,"minecraft:interact_with_smoker":2,"minecraft:fall_one_cm":360407},"minecraft:killed":{"minecraft:cave_spider":1,"minecraft:spider":2,"minecraft:vindicator":3,"minecraft:skeleton":4,"minecraft:drowned":15,"minecraft:pig":1,"minecraft:zombie_villager":2,"minecraft:sheep":8,"minecraft:pillager":6,"minecraft:goat":1,"minecraft:zombie":11,"minecraft:player":1,"minecraft:cow":5},"minecraft:mined":{"minecraft:dark_oak_planks":13,"minecraft:purple_glazed_terracotta":1,"beautify:botanist_workbench":1,"minecraft:red_carpet":2,"create:deepslate_zinc_ore":6,"minecraft:tuff":3,"minecraft:white_bed":1,"minecraft:light_gray_stained_glass_pane":2,"minecraft:mossy_cobblestone":4,"minecraft:deepslate_diamond_ore":5,"minecraft:candle":1,"minecraft:dark_oak_log":59,"minecraft:orange_wool":1,"minecraft:spruce_trapdoor":1,"minecraft:dark_oak_fence":2,"minecraft:stone_brick_wall":2,"minecraft:grass_block":2,"minecraft:spruce_leaves":1,"minecraft:moss_block":6,"minecraft:spawner":2,"comforts:sleeping_bag_white":1,"minecraft:hay_block":5,"minecraft:polished_blackstone_bricks":1,"minecraft:magma_block":1,"minecraft:furnace":2,"minecraft:iron_ore":12,"minecraft:pumpkin":1,"minecraft:peony":2,"minecraft:vine":1,"minecraft:oak_stairs":9,"minecraft:iron_bars":5,"minecraft:stripped_oak_log":11,"minecraft:stone":109,"minecraft:pink_terracotta":2,"minecraft:smithing_table":1,"minecraft:acacia_leaves":1,"minecraft:scaffolding":11,"beautify:lamp_candleabra":1,"minecraft:glass_pane":8,"minecraft:magenta_wall_banner":1,"minecraft:powder_snow":16,"travelersbackpack:standard":1,"minecraft:oak_fence":11,"minecraft:crafting_table":2,"minecraft:chest":5,"minecraft:sculk_sensor":1,"beautify:oak_trellis":1,"minecraft:tall_grass":3,"minecraft:cobblestone":18,"minecraft:lapis_ore":1,"minecraft:cyan_bed":2,"minecraft:oak_planks":6,"minecraft:damaged_anvil":1,"minecraft:sculk":1,"minecraft:diorite":1,"minecraft:iron_door":1,"minecraft:wall_torch":1,"minecraft:spruce_stairs":7,"minecraft:chain":1,"minecraft:white_carpet":2,"minecraft:spruce_log":2,"minecraft:birch_leaves":2,"minecraft:tnt":6,"minecraft:smooth_stone_slab":5,"minecraft:grass":9,"minecraft:coal_ore":8,"minecraft:oak_log":42,"minecraft:gravel":2,"minecraft:sand":16,"minecraft:dirt":15,"minecraft:cobweb":36,"minecraft:cracked_stone_bricks":5,"minecraft:stone_bricks":9,"minecraft:mossy_stone_bricks":3,"beautify:birch_trellis":1,"minecraft:deepslate":125}},"DataVersion":3465}