{"stats":{"minecraft:dropped":{"minecraft:wheat_seeds":2,"minecraft:tnt":1,"minecraft:rotten_flesh":1,"minecraft:oak_planks":23,"minecraft:item_frame":1,"minecraft:oak_button":1,"minecraft:mutton":1,"minecraft:iron_leggings":1,"minecraft:wooden_pickaxe":1,"minecraft:stone_pickaxe":1,"minecraft:string":26,"minecraft:white_wool":1},"minecraft:used":{"minecraft:cooked_mutton":1,"minecraft:water_bucket":12,"minecraft:armor_stand":2,"minecraft:stone_pickaxe":1,"minecraft:chest":6,"minecraft:wooden_pickaxe":3,"farmersdelight:rich_soil":2,"minecraft:dirt":1,"minecraft:comparator":1,"minecraft:crafting_table":3,"minecraft:cod":4,"minecraft:beehive":1,"minecraft:iron_hoe":10,"minecraft:piston":1,"minecraft:lantern":1,"minecraft:iron_axe":20,"minecraft:bread":3,"minecraft:iron_pickaxe":11,"minecraft:item_frame":1,"minecraft:wooden_sword":27,"minecraft:beef":3,"minecraft:bucket":12,"minecraft:light_gray_bed":2,"minecraft:smooth_stone":1},"minecraft:picked_up":{"minecraft:iron_chestplate":12,"farmersdelight:rich_soil":2,"minecraft:leather":6,"minecraft:stone_brick_wall":2,"minecraft:oak_log":9,"minecraft:dirt":1,"minecraft:string":26,"minecraft:lantern":1,"minecraft:iron_leggings":13,"minecraft:cooked_mutton":1,"minecraft:armor_stand":14,"minecraft:item_frame":3,"minecraft:bow":1,"minecraft:wheat_seeds":2,"minecraft:smooth_stone":7,"minecraft:comparator":1,"minecraft:iron_ingot":1,"minecraft:beef":5,"minecraft:oak_planks":23,"minecraft:piston":1,"minecraft:iron_boots":12,"minecraft:beehive":1,"farmersdelight:tomato_seeds":28,"minecraft:dark_oak_planks":1,"minecraft:tnt":1,"minecraft:light_gray_bed":2,"minecraft:rotten_flesh":1,"minecraft:iron_helmet":12,"minecraft:hay_block":10,"minecraft:iron_block":1,"minecraft:emerald":1,"minecraft:bread":1,"minecraft:mutton":2,"minecraft:white_wool":1,"minecraft:cobblestone":3},"minecraft:crafted":{"minecraft:wooden_sword":1,"minecraft:oak_planks":104,"minecraft:leather_boots":1,"minecraft:crafting_table":4,"minecraft:wooden_pickaxe":1,"minecraft:bread":30,"minecraft:stick":8,"minecraft:iron_ingot":9,"minecraft:iron_pickaxe":1,"minecraft:stone_pickaxe":1,"minecraft:chest":6,"minecraft:oak_button":1,"minecraft:wheat":90},"minecraft:custom":{"minecraft:interact_with_furnace":4,"minecraft:mob_kills":4,"minecraft:interact_with_crafting_table":7,"minecraft:open_barrel":1,"minecraft:eat_cake_slice":7,"minecraft:interact_with_stonecutter":2,"minecraft:leave_game":4,"minecraft:time_since_death":39148,"minecraft:sleep_in_bed":2,"minecraft:climb_one_cm":5054,"minecraft:time_since_rest":17380,"minecraft:sprint_one_cm":132646,"minecraft:damage_taken":180,"minecraft:walk_one_cm":127325,"minecraft:drop":14,"minecraft:damage_dealt":550,"minecraft:swim_one_cm":16919,"minecraft:talked_to_villager":2,"minecraft:fly_one_cm":169073,"minecraft:open_chest":47,"minecraft:crouch_one_cm":4398,"minecraft:play_time":39148,"minecraft:sneak_time":932,"minecraft:walk_under_water_one_cm":6099,"minecraft:jump":951,"minecraft:walk_on_water_one_cm":3054,"minecraft:total_world_time":39148,"minecraft:fall_one_cm":28498},"minecraft:killed":{"minecraft:sheep":1,"minecraft:horse":1,"minecraft:cow":2},"minecraft:mined":{"minecraft:dark_oak_planks":1,"farmersdelight:rich_soil":2,"minecraft:comparator":1,"minecraft:powder_snow":3,"minecraft:light_gray_bed":2,"minecraft:tall_grass":4,"minecraft:smooth_stone":7,"minecraft:hay_block":10,"minecraft:beehive":1,"minecraft:tnt":1,"minecraft:grass":11,"minecraft:oak_log":9,"minecraft:dirt":1,"minecraft:cobweb":26,"minecraft:stone":3,"minecraft:iron_block":1,"minecraft:piston":1}},"DataVersion":3465}