{"stats":{"minecraft:killed_by":{"minecraft:player":1,"minecraft:skeleton":1},"minecraft:dropped":{"minecraft:iron_ingot":2,"minecraft:iron_sword":2,"minecraft:wheat_seeds":7,"minecraft:cobblestone":26,"create:crimsite":4,"minecraft:red_mushroom":2,"minecraft:dirt":9,"minecraft:ink_sac":1,"minecraft:torch":2,"minecraft:wooden_axe":1,"minecraft:snowball":1,"minecraft:iron_pickaxe":1,"minecraft:dark_oak_planks":4,"minecraft:blue_bed":1,"minecraft:furnace":1,"minecraft:stone_axe":1,"minecraft:bowl":6,"minecraft:tuff":1,"minecraft:rotten_flesh":6,"minecraft:oak_planks":13,"minecraft:stone":1,"minecraft:gunpowder":2,"minecraft:spruce_planks":1,"minecraft:skeleton_skull":3,"minecraft:iron_chestplate":1,"minecraft:beetroot_seeds":7,"minecraft:mossy_stone_bricks":1,"minecraft:oak_sapling":1,"minecraft:spider_eye":2,"minecraft:arrow":1,"minecraft:wooden_pickaxe":1},"minecraft:broken":{"minecraft:iron_pickaxe":1},"minecraft:used":{"minecraft:spruce_planks":68,"minecraft:chest":6,"minecraft:shield":12,"minecraft:iron_sword":131,"minecraft:iron_chestplate":1,"minecraft:torch":28,"artifacts:mimic_spawn_egg":1,"minecraft:wooden_axe":54,"minecraft:dark_oak_planks":1,"minecraft:iron_axe":66,"minecraft:iron_helmet":1,"minecraft:iron_boots":1,"minecraft:bow":2,"mcdw:bow_call_of_the_void":3,"minecraft:goat_horn":1,"minecraft:furnace":7,"minecraft:egg":1,"minecraft:cobbled_deepslate":3,"minecraft:water_bucket":34,"minecraft:stone_pickaxe":49,"minecraft:oak_planks":38,"minecraft:wooden_pickaxe":3,"minecraft:blue_bed":1,"minecraft:crafting_table":11,"minecraft:spruce_log":1,"minecraft:apple":1,"minecraft:bread":31,"minecraft:iron_pickaxe":438,"minecraft:stone_axe":20,"minecraft:cobblestone":3,"minecraft:cooked_porkchop":6,"minecraft:bucket":35,"minecraft:experience_bottle":1},"minecraft:picked_up":{"minecraft:crafting_table":12,"minecraft:iron_chestplate":1,"minecraft:wheat":52,"minecraft:chicken":1,"minecraft:flower_pot":3,"minecraft:brown_mushroom":4,"minecraft:wooden_pickaxe":1,"minecraft:brewing_stand":1,"minecraft:string":10,"minecraft:raw_copper":26,"minecraft:cobbled_deepslate":24,"minecraft:spruce_planks":8,"minecraft:iron_pickaxe":1,"minecraft:coal_block":4,"minecraft:chest":10,"minecraft:furnace":7,"minecraft:egg":1,"minecraft:stick":23,"minecraft:raw_iron":83,"minecraft:stone":1,"minecraft:torch":25,"minecraft:bowl":4,"minecraft:porkchop":9,"minecraft:redstone":100,"minecraft:dark_oak_planks":5,"minecraft:arrow":19,"minecraft:rotten_flesh":9,"minecraft:beetroot_seeds":7,"minecraft:mutton":2,"minecraft:skeleton_skull":3,"minecraft:white_wool":3,"minecraft:cobblestone":43,"minecraft:feather":1,"minecraft:tuff":1,"create:raw_zinc":30,"minecraft:oak_log":43,"minecraft:gunpowder":2,"minecraft:lapis_lazuli":179,"minecraft:blue_bed":3,"minecraft:dirt":9,"minecraft:bone":15,"minecraft:apple":1,"minecraft:bow":1,"minecraft:wheat_seeds":1,"minecraft:raw_gold":20,"minecraft:bell":1,"minecraft:iron_ingot":7,"minecraft:mossy_stone_bricks":1,"minecraft:iron_sword":2,"minecraft:oak_planks":17,"minecraft:book":9,"minecraft:cooked_porkchop":2,"minecraft:spruce_sapling":7,"minecraft:ink_sac":1,"minecraft:spruce_log":22,"minecraft:dark_oak_log":22,"minecraft:spider_eye":2,"create:crimsite":68,"minecraft:diamond":11,"minecraft:emerald":1,"minecraft:bread":1,"minecraft:oak_sapling":15,"minecraft:coal":111},"minecraft:crafted":{"minecraft:oak_planks":52,"minecraft:furnace":1,"minecraft:stone_pickaxe":1,"minecraft:cooked_porkchop":4,"minecraft:crafting_table":2,"minecraft:spruce_planks":84,"minecraft:iron_sword":1,"minecraft:bucket":1,"minecraft:stone_axe":1,"minecraft:bread":23,"minecraft:air":0,"minecraft:shield":1,"minecraft:stick":4,"minecraft:iron_ingot":49,"minecraft:iron_pickaxe":1,"minecraft:wooden_axe":1,"minecraft:torch":20},"minecraft:custom":{"minecraft:interact_with_smithing_table":1,"minecraft:mob_kills":47,"minecraft:interact_with_crafting_table":17,"minecraft:interact_with_campfire":2,"minecraft:leave_game":11,"minecraft:time_since_death":94367,"minecraft:climb_one_cm":10118,"minecraft:sprint_one_cm":324898,"minecraft:walk_one_cm":213646,"minecraft:damage_blocked_by_shield":320,"minecraft:drop":40,"minecraft:play_time":107369,"minecraft:sneak_time":10895,"minecraft:deaths":2,"minecraft:walk_under_water_one_cm":16926,"minecraft:jump":2571,"minecraft:walk_on_water_one_cm":26284,"minecraft:total_world_time":107369,"minecraft:interact_with_furnace":38,"minecraft:sleep_in_bed":1,"minecraft:time_since_rest":74896,"minecraft:damage_taken":2070,"minecraft:damage_dealt":8687,"minecraft:player_kills":1,"minecraft:swim_one_cm":6514,"minecraft:fly_one_cm":545595,"minecraft:open_chest":38,"minecraft:crouch_one_cm":32905,"minecraft:fall_one_cm":67429},"minecraft:killed":{"minecraft:spider":3,"minecraft:skeleton":13,"minecraft:chicken":1,"creeperoverhaul:cave_creeper":1,"minecraft:drowned":1,"artifacts:mimic":1,"minecraft:pig":5,"minecraft:sheep":3,"minecraft:pillager":5,"minecraft:zombie":9,"minecraft:player":1},"minecraft:mined":{"minecraft:dark_oak_planks":6,"create:zinc_ore":29,"minecraft:diamond_ore":2,"create:deepslate_zinc_ore":1,"minecraft:tuff":15,"minecraft:spruce_planks":8,"minecraft:dark_oak_leaves":2,"minecraft:deepslate_diamond_ore":9,"minecraft:brewing_stand":1,"minecraft:grass_block":1,"minecraft:coal_block":4,"minecraft:redstone_ore":19,"minecraft:furnace":6,"minecraft:iron_ore":54,"minecraft:deepslate_lapis_ore":8,"minecraft:bell":1,"minecraft:bookshelf":3,"minecraft:deepslate_iron_ore":18,"minecraft:stone":57,"minecraft:white_wool":1,"minecraft:deepslate_redstone_ore":5,"minecraft:glass_pane":2,"minecraft:powder_snow":19,"minecraft:crafting_table":12,"minecraft:torch":8,"minecraft:chest":11,"minecraft:copper_ore":6,"minecraft:tall_grass":2,"minecraft:cobblestone":7,"minecraft:deepslate_gold_ore":8,"minecraft:lapis_ore":26,"minecraft:oak_planks":4,"minecraft:blue_bed":2,"minecraft:wall_torch":13,"minecraft:deepslate_copper_ore":1,"minecraft:wheat":33,"minecraft:spruce_log":22,"minecraft:grass":4,"minecraft:oak_log":52,"minecraft:coal_ore":90,"minecraft:gravel":2,"minecraft:flower_pot":1,"minecraft:dirt":9,"minecraft:cobweb":4,"minecraft:stone_bricks":7,"minecraft:gold_ore":12,"minecraft:mossy_stone_bricks":2,"create:crimsite":68,"minecraft:oak_leaves":1,"minecraft:deepslate":24,"minecraft:fern":1}},"DataVersion":3465}